{"cameraMode":{"drawMode":3,"name":"Shadow Cascades","section":"Miscellaneous"},"sceneLighting":true,"audioPlay":false,"sceneViewState":{"showFog":true,"showMaterialUpdate":true,"showSkybox":true,"showFlares":true,"showImageEffects":true,"showParticleSystems":true},"in2DMode":false,"pivot":{"x":-61.112327575683597,"y":-15.707322120666504,"z":-1.9973632097244263},"rotation":{"x":0.3041175901889801,"y":0.6931817531585693,"z":-0.4974936842918396,"w":0.42375481128692629},"size":77.06501007080078,"orthographic":false}